country_code,country,year,gdp_growth_pct,inflation_pct,unemployment_pct,life_expectancy_years,education_spend_pct_gdp,gni_per_capita_usd,gini_index
AT,Austria,2008,6.19,1.27,7.27,80.5,5.34,53785.0,28.2
AT,Austria,2009,0.23,0.76,6.46,81.1,5.81,54376.0,31.3
AT,Austria,2010,2.14,2.02,6.98,79.7,5.9,54320.0,30.3
AT,Austria,2011,3.17,0.01,7.06,80.3,5.42,54682.0,28.9
AT,Austria,2012,0.18,2.92,8.87,80.1,4.87,52136.0,29.1
AT,Austria,2013,3.5,1.34,7.69,80.8,5.36,53830.0,31.5
AT,Austria,2014,0.07,2.35,4.93,79.4,5.6,53211.0,31.2
AT,Austria,2015,1.29,2.3,7.57,80.5,5.28,52830.0,29.1
AT,Austria,2016,0.97,1.77,7.36,79.5,5.74,53011.0,30.7
AT,Austria,2017,1.75,-0.27,5.99,80.4,4.97,55195.0,27.2
AT,Austria,2018,1.15,3.31,5.27,80.8,5.41,51960.0,31.3
AT,Austria,2019,1.23,2.76,5.2,80.4,4.86,52177.0,30.7
AT,Austria,2020,2.05,1.12,4.46,80.1,5.64,54610.0,29.9
AT,Austria,2021,2.27,2.02,5.09,80.4,6.09,57428.0,31.5
AT,Austria,2022,0.63,0.64,4.84,81.8,5.39,55028.0,27.1
BE,Belgium,2008,-0.26,2.21,6.83,77.3,5.21,39581.0,36.5
BE,Belgium,2009,-2.49,2.16,7.56,77.9,4.55,44228.0,31.7
BE,Belgium,2010,2.09,1.64,10.64,77.5,4.46,37266.0,29.1
BE,Belgium,2011,2.04,3.01,11.69,77.6,4.68,37608.0,30.1
BE,Belgium,2012,0.13,2.84,12.23,77.1,4.52,36740.0,34.4
BE,Belgium,2013,0.47,2.37,8.98,77.5,4.7,39531.0,30.0
BE,Belgium,2014,2.1,1.69,11.41,77.8,4.99,36295.0,35.1
BE,Belgium,2015,2.63,3.68,10.7,77.4,4.95,39379.0,30.0
BE,Belgium,2016,1.42,1.37,11.63,79.1,5.46,36294.0,30.3
BE,Belgium,2017,1.77,1.64,8.45,78.3,5.01,37331.0,35.3
BE,Belgium,2018,1.68,0.82,5.96,78.3,4.39,39392.0,30.7
BE,Belgium,2019,1.84,1.25,7.05,78.6,4.75,38632.0,34.5
BE,Belgium,2020,0.38,1.57,8.81,78.9,4.97,40467.0,32.8
BE,Belgium,2021,6.81,4.09,9.38,78.0,4.54,37312.0,31.9
BE,Belgium,2022,4.19,0.96,9.51,77.5,4.62,36644.0,28.2
BG,Bulgaria,2008,0.19,1.62,5.22,80.0,5.01,56453.0,26.2
BG,Bulgaria,2009,5.62,5.22,4.37,79.9,5.25,61127.0,28.4
BG,Bulgaria,2010,1.45,2.67,4.54,82.3,5.89,57641.0,28.4
BG,Bulgaria,2011,1.41,2.01,5.66,79.9,5.5,56781.0,30.1
BG,Bulgaria,2012,2.05,1.73,6.55,81.1,5.43,59164.0,29.8
BG,Bulgaria,2013,2.72,0.82,8.38,82.7,5.27,57034.0,31.5
BG,Bulgaria,2014,3.8,2.28,3.4,81.4,5.27,57844.0,28.2
BG,Bulgaria,2015,1.74,1.43,5.58,81.1,5.78,57936.0,32.1
BG,Bulgaria,2016,2.54,1.29,6.28,80.9,5.01,52365.0,29.8
BG,Bulgaria,2017,1.29,1.66,7.31,79.9,5.3,61043.0,28.5
BG,Bulgaria,2018,4.3,2.26,8.62,81.6,6.41,60278.0,30.0
BG,Bulgaria,2019,0.55,2.92,6.12,81.0,5.25,59424.0,30.7
BG,Bulgaria,2020,5.58,2.61,7.14,82.2,5.09,57477.0,29.0
BG,Bulgaria,2021,3.22,0.9,8.28,80.8,5.31,55604.0,29.2
BG,Bulgaria,2022,4.25,2.46,6.49,80.8,4.8,55605.0,29.7
HR,Croatia,2008,-2.25,1.06,9.6,79.9,5.63,49828.0,27.3
HR,Croatia,2009,0.74,2.75,8.45,79.9,5.82,52726.0,30.9
HR,Croatia,2010,1.58,1.59,5.88,79.9,5.55,50333.0,32.4
HR,Croatia,2011,0.39,0.79,9.4,79.6,5.48,47837.0,32.1
HR,Croatia,2012,3.56,2.44,8.46,80.8,6.33,50067.0,30.0
HR,Croatia,2013,2.09,3.34,6.49,81.0,4.75,46127.0,27.9
HR,Croatia,2014,2.93,2.1,7.84,79.1,4.83,47022.0,25.8
HR,Croatia,2015,3.28,1.94,7.87,79.4,5.7,50423.0,30.9
HR,Croatia,2016,2.27,2.76,6.91,79.3,5.24,51464.0,31.5
HR,Croatia,2017,-2.11,0.22,8.42,79.8,4.8,49963.0,25.8
HR,Croatia,2018,2.27,3.08,6.75,80.5,5.93,49228.0,30.3
HR,Croatia,2019,0.69,-0.0,5.92,80.0,5.04,53381.0,29.7
HR,Croatia,2020,2.66,0.52,5.11,81.3,5.58,52371.0,30.2
HR,Croatia,2021,0.81,0.49,6.27,80.7,5.13,47192.0,31.3
HR,Croatia,2022,4.52,1.36,7.72,80.3,4.8,50566.0,32.6
CY,Cyprus,2008,1.38,2.34,12.1,75.6,4.97,22481.0,39.4
CY,Cyprus,2009,-0.05,2.32,13.14,74.9,4.18,23373.0,35.9
CY,Cyprus,2010,-0.6,1.37,8.41,73.5,4.07,21657.0,39.1
CY,Cyprus,2011,0.82,1.58,12.04,74.1,4.26,25626.0,36.5
CY,Cyprus,2012,1.65,5.03,9.81,75.7,4.28,22825.0,38.1
CY,Cyprus,2013,1.3,0.98,11.44,75.4,4.36,23777.0,33.5
CY,Cyprus,2014,1.07,2.46,12.07,75.8,4.06,25015.0,37.1
CY,Cyprus,2015,-1.35,3.55,8.54,74.7,4.55,20111.0,33.8
CY,Cyprus,2016,6.48,2.44,10.71,72.6,3.96,20859.0,36.2
CY,Cyprus,2017,1.47,2.87,11.67,74.8,4.33,20832.0,36.6
CY,Cyprus,2018,-0.3,0.85,13.97,75.8,4.72,22667.0,34.9
CY,Cyprus,2019,1.9,2.23,13.7,74.7,4.81,26941.0,34.5
CY,Cyprus,2020,-1.49,2.68,12.2,74.8,3.97,22342.0,37.5
CY,Cyprus,2021,-0.01,2.21,8.99,74.5,4.12,19525.0,34.7
CY,Cyprus,2022,3.05,2.71,10.01,75.3,4.34,24085.0,36.4
CZ,Czechia,2008,1.38,0.8,5.04,83.4,5.54,62520.0,25.7
CZ,Czechia,2009,2.09,0.79,5.68,81.8,6.31,60240.0,29.7
CZ,Czechia,2010,2.37,-0.03,6.0,81.3,5.92,61788.0,28.7
CZ,Czechia,2011,4.66,3.2,2.99,82.0,5.85,60398.0,28.9
CZ,Czechia,2012,-0.15,2.56,4.73,81.0,6.75,57468.0,25.8
CZ,Czechia,2013,-0.45,2.0,7.59,82.1,6.68,60702.0,24.9
CZ,Czechia,2014,3.62,2.0,4.39,81.6,5.24,59905.0,29.2
CZ,Czechia,2015,0.72,2.36,4.23,83.0,6.26,61402.0,29.1
CZ,Czechia,2016,2.46,-0.0,3.62,82.5,6.13,59276.0,26.6
CZ,Czechia,2017,0.76,3.45,5.54,82.6,5.77,60172.0,28.3
CZ,Czechia,2018,0.92,1.21,5.88,81.6,6.5,63365.0,26.1
CZ,Czechia,2019,1.18,-0.62,9.0,83.4,5.83,58092.0,27.6
CZ,Czechia,2020,3.04,-0.09,6.04,81.3,6.23,62628.0,32.3
CZ,Czechia,2021,3.22,-0.37,4.96,81.9,6.02,63441.0,27.4
CZ,Czechia,2022,-0.22,2.41,7.68,82.1,6.08,66883.0,26.5
DK,Denmark,2008,-1.48,1.74,6.23,81.1,5.16,52845.0,29.2
DK,Denmark,2009,2.87,1.13,4.3,78.8,4.5,52417.0,31.5
DK,Denmark,2010,3.58,2.18,4.74,79.6,6.48,53215.0,30.8
DK,Denmark,2011,3.15,3.26,7.94,80.0,5.31,53536.0,29.0
DK,Denmark,2012,0.99,1.25,8.97,80.8,5.65,51892.0,29.4
DK,Denmark,2013,0.34,-1.03,5.48,78.4,5.14,54844.0,28.1
DK,Denmark,2014,-0.16,1.69,6.35,81.2,5.94,52628.0,28.0
DK,Denmark,2015,3.2,1.74,6.39,80.7,5.8,51299.0,27.8
DK,Denmark,2016,-1.22,2.58,4.9,80.2,5.38,53186.0,27.9
DK,Denmark,2017,-1.09,0.65,3.3,81.3,6.11,53108.0,30.5
DK,Denmark,2018,2.8,1.83,5.04,79.5,5.74,54925.0,29.5
DK,Denmark,2019,3.52,-0.19,7.89,80.5,4.62,54036.0,31.9
DK,Denmark,2020,2.1,2.87,3.93,79.6,6.24,55946.0,30.9
DK,Denmark,2021,1.31,0.54,6.74,79.8,6.34,52917.0,33.5
DK,Denmark,2022,3.18,2.29,8.0,79.8,6.02,56022.0,31.2
EE,Estonia,2008,-1.65,1.85,7.05,80.8,5.35,55067.0,27.2
EE,Estonia,2009,2.42,3.37,8.58,81.7,5.58,57040.0,30.1
EE,Estonia,2010,-0.69,1.69,6.63,80.7,5.54,51580.0,33.3
EE,Estonia,2011,2.0,1.51,6.91,80.4,5.14,55645.0,29.4
EE,Estonia,2012,2.7,-0.39,7.31,79.4,5.52,52455.0,31.7
EE,Estonia,2013,0.22,0.45,6.6,81.3,5.71,56155.0,30.5
EE,Estonia,2014,-0.57,1.37,6.34,81.3,5.66,56701.0,29.3
EE,Estonia,2015,0.66,2.13,5.78,80.7,5.41,53061.0,30.2
EE,Estonia,2016,4.79,0.36,5.82,79.6,4.73,54853.0,26.0
EE,Estonia,2017,4.34,-1.46,6.36,80.6,5.73,54455.0,32.8
EE,Estonia,2018,0.13,1.36,5.41,80.3,6.14,52231.0,33.4
EE,Estonia,2019,5.42,1.64,6.59,82.1,5.62,53905.0,30.4
EE,Estonia,2020,3.85,1.32,5.48,81.3,5.38,61025.0,31.5
EE,Estonia,2021,2.59,2.26,6.56,80.9,4.8,54819.0,31.0
EE,Estonia,2022,2.08,0.92,6.45,79.6,5.9,52883.0,27.0
FI,Finland,2008,2.21,0.7,11.21,74.6,4.55,23823.0,35.1
FI,Finland,2009,1.21,1.79,11.26,73.5,4.25,20943.0,35.4
FI,Finland,2010,-0.54,2.26,9.52,74.2,4.75,26712.0,34.1
FI,Finland,2011,0.54,1.42,10.03,73.8,4.27,19904.0,34.4
FI,Finland,2012,2.61,0.07,9.98,74.6,4.41,27096.0,35.2
FI,Finland,2013,5.77,1.64,10.34,76.4,3.75,24792.0,35.1
FI,Finland,2014,2.76,1.16,11.87,74.6,4.65,23025.0,37.3
FI,Finland,2015,-2.11,1.53,13.32,75.7,3.91,28140.0,35.2
FI,Finland,2016,1.31,2.41,14.1,75.1,4.16,24214.0,35.1
FI,Finland,2017,4.95,2.28,13.03,75.7,4.49,25459.0,32.7
FI,Finland,2018,2.07,2.97,12.58,76.1,4.45,25361.0,37.4
FI,Finland,2019,-4.21,2.37,11.78,75.1,2.8,26206.0,31.5
FI,Finland,2020,0.23,3.55,9.53,75.8,4.06,26621.0,39.5
FI,Finland,2021,1.91,0.71,13.7,75.7,4.21,25803.0,34.9
FI,Finland,2022,3.5,1.95,10.16,75.2,4.14,23168.0,34.8
FR,France,2008,-0.3,3.16,7.46,78.1,4.74,39263.0,29.6
FR,France,2009,2.24,2.71,6.66,78.0,5.05,39795.0,33.7
FR,France,2010,0.81,2.88,8.5,77.9,5.49,36188.0,36.0
FR,France,2011,3.31,1.98,9.49,77.6,4.95,41717.0,34.0
FR,France,2012,3.05,1.84,8.34,77.1,5.04,39058.0,33.7
FR,France,2013,-0.69,3.56,9.53,78.4,4.7,38517.0,29.1
FR,France,2014,1.23,1.43,9.04,77.0,5.15,37267.0,33.1
FR,France,2015,-2.44,1.39,9.88,78.1,4.03,40079.0,32.5
FR,France,2016,2.19,1.23,10.74,78.7,5.09,39528.0,31.3
FR,France,2017,3.39,2.64,8.12,78.7,4.52,39624.0,34.3
FR,France,2018,0.06,1.19,7.81,78.0,5.12,41114.0,30.5
FR,France,2019,2.0,4.77,8.65,76.9,4.35,40682.0,35.3
FR,France,2020,2.67,1.65,9.13,78.3,5.48,40197.0,31.5
FR,France,2021,-0.36,2.38,8.87,77.5,5.48,42251.0,32.2
FR,France,2022,-1.41,0.74,8.61,77.1,4.99,39683.0,35.0
DE,Germany,2008,2.24,1.67,11.68,76.5,4.91,40934.0,33.2
DE,Germany,2009,-1.34,2.63,7.43,76.7,4.63,35626.0,31.8
DE,Germany,2010,0.44,3.32,9.8,77.7,5.37,35512.0,34.0
DE,Germany,2011,2.98,2.57,11.23,78.0,4.95,37532.0,30.8
DE,Germany,2012,4.36,2.86,8.34,76.0,5.34,37077.0,32.5
DE,Germany,2013,1.91,3.21,9.68,76.9,4.6,33461.0,33.7
DE,Germany,2014,0.25,1.57,9.53,77.5,4.67,33878.0,32.5
DE,Germany,2015,-2.45,0.78,9.16,77.1,4.64,39488.0,31.7
DE,Germany,2016,1.87,1.9,11.46,77.1,4.71,38799.0,33.0
DE,Germany,2017,0.66,1.87,6.53,75.4,5.02,39563.0,34.0
DE,Germany,2018,2.12,3.01,11.08,78.1,4.85,35447.0,31.9
DE,Germany,2019,4.69,-1.09,9.53,77.4,4.17,37701.0,30.7
DE,Germany,2020,-0.22,0.82,7.27,77.1,5.72,35669.0,36.6
DE,Germany,2021,-2.07,1.71,7.81,77.1,4.34,35662.0,32.9
DE,Germany,2022,2.48,2.35,9.75,76.8,4.21,33375.0,34.7
GR,Greece,2008,-0.78,1.34,5.51,81.9,6.0,58177.0,29.8
GR,Greece,2009,1.46,2.62,7.04,82.7,6.63,59586.0,32.5
GR,Greece,2010,-0.15,0.13,7.75,80.7,5.66,57502.0,29.4
GR,Greece,2011,0.55,0.66,4.52,81.0,6.77,59843.0,29.2
GR,Greece,2012,0.54,-1.46,5.25,81.1,5.3,61911.0,25.0
GR,Greece,2013,1.88,3.27,7.51,80.6,6.02,55728.0,30.2
GR,Greece,2014,0.82,2.39,6.62,82.0,6.08,58516.0,27.5
GR,Greece,2015,2.62,0.77,5.66,80.7,5.86,58162.0,29.7
GR,Greece,2016,-0.03,3.74,7.44,82.9,5.64,61734.0,30.7
GR,Greece,2017,1.63,-0.15,2.82,81.4,6.24,60724.0,31.6
GR,Greece,2018,0.71,2.65,4.44,82.0,5.84,59084.0,32.1
GR,Greece,2019,3.56,1.18,5.67,82.5,5.83,59803.0,28.4
GR,Greece,2020,3.16,3.56,6.5,82.3,6.43,59186.0,27.8
GR,Greece,2021,0.77,3.66,5.56,81.3,6.0,61694.0,28.1
GR,Greece,2022,3.56,1.79,2.51,80.1,5.95,63425.0,25.9
HU,Hungary,2008,2.2,1.26,8.8,80.8,5.13,47284.0,26.6
HU,Hungary,2009,0.53,0.4,5.2,79.9,4.9,47935.0,31.0
HU,Hungary,2010,1.36,-1.19,8.69,79.7,4.89,43341.0,33.3
HU,Hungary,2011,3.47,0.98,5.79,79.0,5.45,42044.0,32.0
HU,Hungary,2012,-1.11,3.21,8.13,79.1,4.98,51363.0,29.7
HU,Hungary,2013,3.79,2.14,7.91,78.1,4.65,47736.0,30.6
HU,Hungary,2014,3.61,2.11,5.95,77.8,5.45,49354.0,34.6
HU,Hungary,2015,1.43,0.83,11.63,79.9,5.46,48897.0,31.7
HU,Hungary,2016,2.51,0.91,11.03,78.6,5.65,46997.0,30.6
HU,Hungary,2017,2.56,4.08,5.63,79.9,5.47,47634.0,30.1
HU,Hungary,2018,1.1,2.89,7.18,79.1,4.59,47216.0,32.6
HU,Hungary,2019,4.51,3.28,5.87,79.8,5.67,47561.0,27.8
HU,Hungary,2020,1.81,2.22,5.16,79.8,5.51,50068.0,31.2
HU,Hungary,2021,-3.88,1.4,9.4,80.7,5.22,49083.0,27.3
HU,Hungary,2022,2.53,0.69,5.93,80.6,5.02,48778.0,33.8
IE,Ireland,2008,5.65,2.47,3.47,81.0,5.57,54116.0,30.6
IE,Ireland,2009,1.52,1.15,5.79,81.6,5.41,52472.0,30.8
IE,Ireland,2010,2.96,1.24,6.26,81.2,6.54,55893.0,26.3
IE,Ireland,2011,6.39,2.94,5.0,81.8,6.03,57993.0,29.5
IE,Ireland,2012,4.73,1.96,6.86,80.5,5.28,55127.0,31.1
IE,Ireland,2013,1.39,0.63,7.39,81.3,5.3,57494.0,26.1
IE,Ireland,2014,-3.98,0.25,5.62,80.7,6.09,56215.0,28.1
IE,Ireland,2015,1.64,2.09,8.43,79.7,6.58,56553.0,32.5
IE,Ireland,2016,2.95,1.62,5.79,80.3,5.49,55308.0,32.4
IE,Ireland,2017,5.5,2.17,6.41,82.7,6.03,55783.0,28.0
IE,Ireland,2018,2.01,0.2,7.76,81.2,5.1,54394.0,26.6
IE,Ireland,2019,1.9,-0.97,7.96,81.0,5.57,52656.0,29.1
IE,Ireland,2020,5.34,2.28,5.69,79.8,5.87,60474.0,29.6
IE,Ireland,2021,3.69,0.09,5.06,81.6,5.78,57031.0,29.8
IE,Ireland,2022,-0.21,1.32,5.34,81.0,5.2,55229.0,30.1
IT,Italy,2008,0.64,1.08,7.24,78.1,5.42,36210.0,33.1
IT,Italy,2009,1.69,4.23,5.85,78.0,4.94,38177.0,32.6
IT,Italy,2010,-1.59,2.09,6.01,78.3,4.6,39786.0,35.1
IT,Italy,2011,-3.72,1.55,7.11,76.1,4.81,38150.0,31.6
IT,Italy,2012,-2.49,2.57,8.75,78.6,5.11,41028.0,33.1
IT,Italy,2013,-0.14,2.73,12.02,76.8,4.21,40923.0,30.6
IT,Italy,2014,2.25,1.71,10.27,77.5,5.43,42083.0,32.0
IT,Italy,2015,2.57,-0.05,9.83,77.1,4.6,35579.0,31.3
IT,Italy,2016,0.32,2.76,8.06,76.7,5.21,38499.0,32.2
IT,Italy,2017,-0.52,0.71,7.78,77.9,4.63,38536.0,30.1
IT,Italy,2018,1.83,1.57,6.63,78.4,5.02,39734.0,32.4
IT,Italy,2019,3.83,-0.82,9.05,76.9,5.03,36593.0,34.8
IT,Italy,2020,1.54,-0.11,7.95,78.3,3.95,39284.0,34.3
IT,Italy,2021,-1.04,1.62,6.93,77.6,4.59,37710.0,33.2
IT,Italy,2022,4.93,0.55,9.37,78.2,4.86,40675.0,34.7
LV,Latvia,2008,4.41,2.5,10.1,74.7,4.53,31528.0,33.7
LV,Latvia,2009,1.61,1.98,10.19,76.1,4.18,28321.0,35.2
LV,Latvia,2010,0.17,2.58,11.05,74.5,4.47,35007.0,35.7
LV,Latvia,2011,-3.0,3.79,12.26,76.1,4.6,31620.0,36.3
LV,Latvia,2012,1.66,2.23,10.78,75.3,4.89,26919.0,30.7
LV,Latvia,2013,-1.25,2.49,10.26,76.0,3.49,31396.0,35.5
LV,Latvia,2014,4.03,1.67,10.39,76.0,4.18,26554.0,33.2
LV,Latvia,2015,1.22,0.0,9.99,76.5,4.61,32174.0,30.7
LV,Latvia,2016,-0.51,1.76,14.14,76.2,5.17,31222.0,36.6
LV,Latvia,2017,2.25,1.05,10.57,76.3,4.42,28416.0,31.0
LV,Latvia,2018,-1.54,3.07,10.22,76.5,4.6,30169.0,32.7
LV,Latvia,2019,0.62,3.36,9.03,74.9,4.2,29427.0,35.5
LV,Latvia,2020,3.44,1.24,10.35,76.4,3.83,29002.0,31.4
LV,Latvia,2021,0.76,4.73,11.18,75.2,3.76,29105.0,34.6
LV,Latvia,2022,-2.96,2.17,10.78,75.8,5.22,28003.0,33.3
LT,Lithuania,2008,0.66,-0.92,7.96,79.3,5.37,43921.0,31.3
LT,Lithuania,2009,0.76,2.53,7.33,78.6,4.57,41466.0,33.7
LT,Lithuania,2010,4.08,1.92,11.09,78.0,4.73,40786.0,30.5
LT,Lithuania,2011,1.76,1.55,8.07,78.6,4.53,43818.0,30.5
LT,Lithuania,2012,0.18,1.94,7.92,77.5,4.95,45591.0,34.5
LT,Lithuania,2013,0.27,1.11,9.21,77.5,5.23,44865.0,30.6
LT,Lithuania,2014,0.51,1.13,7.28,78.0,5.55,45727.0,32.8
LT,Lithuania,2015,1.96,0.4,6.66,80.5,4.8,47452.0,30.3
LT,Lithuania,2016,-0.61,2.82,7.99,77.8,4.74,42007.0,37.2
LT,Lithuania,2017,5.23,3.15,6.26,78.8,5.23,43309.0,28.9
LT,Lithuania,2018,3.44,1.92,10.4,77.8,4.13,44723.0,29.6
LT,Lithuania,2019,-1.36,2.17,9.87,79.7,5.52,45767.0,28.2
LT,Lithuania,2020,-1.88,1.42,7.76,79.0,4.98,44466.0,31.3
LT,Lithuania,2021,2.71,1.44,8.15,78.5,4.95,43445.0,31.7
LT,Lithuania,2022,1.9,2.96,8.21,79.2,4.33,40820.0,27.6
LU,Luxembourg,2008,0.7,2.72,12.0,74.5,4.5,22356.0,36.5
LU,Luxembourg,2009,4.07,2.7,12.89,72.9,3.78,21376.0,36.8
LU,Luxembourg,2010,1.17,2.82,10.43,75.8,4.15,23709.0,33.3
LU,Luxembourg,2011,2.06,1.61,11.87,75.1,4.72,22907.0,33.7
LU,Luxembourg,2012,-1.37,0.35,13.06,74.6,3.31,20993.0,35.6
LU,Luxembourg,2013,0.34,2.2,12.73,74.4,4.01,20021.0,36.8
LU,Luxembourg,2014,3.71,2.4,11.49,74.1,3.57,23298.0,36.8
LU,Luxembourg,2015,2.21,2.11,13.28,75.9,4.04,20269.0,36.8
LU,Luxembourg,2016,0.5,1.19,13.05,74.9,3.65,21786.0,33.4
LU,Luxembourg,2017,4.48,-0.03,14.45,75.4,4.42,18961.0,38.3
LU,Luxembourg,2018,2.16,0.65,8.73,74.9,4.21,21794.0,32.4
LU,Luxembourg,2019,-0.65,-0.66,10.57,75.7,4.02,23884.0,34.3
LU,Luxembourg,2020,-0.53,1.26,11.07,75.2,4.56,19786.0,36.7
LU,Luxembourg,2021,1.69,2.1,10.0,75.4,3.94,22718.0,36.4
LU,Luxembourg,2022,-4.21,3.35,12.57,75.3,2.91,21507.0,34.3
MT,Malta,2008,-0.26,2.97,4.04,80.4,4.89,57466.0,31.6
MT,Malta,2009,-0.1,2.78,5.37,79.7,5.95,55396.0,25.9
MT,Malta,2010,-0.77,3.67,8.18,80.0,5.64,54789.0,27.1
MT,Malta,2011,2.12,0.27,4.33,80.1,4.78,54331.0,28.6
MT,Malta,2012,0.19,4.14,4.88,80.1,5.68,52170.0,29.9
MT,Malta,2013,-0.12,2.83,6.56,80.2,5.17,52313.0,28.8
MT,Malta,2014,1.39,1.46,5.28,80.9,5.36,54784.0,30.3
MT,Malta,2015,3.52,1.46,5.6,80.8,5.53,56523.0,29.6
MT,Malta,2016,-1.86,2.0,7.4,79.8,6.29,59529.0,30.4
MT,Malta,2017,1.43,0.8,6.29,80.4,5.54,56567.0,29.8
MT,Malta,2018,2.71,2.4,4.2,80.3,5.75,54781.0,31.3
MT,Malta,2019,1.75,1.1,6.7,81.3,6.54,56582.0,28.5
MT,Malta,2020,-0.88,3.09,6.62,81.3,5.62,55164.0,27.2
MT,Malta,2021,5.49,2.53,4.34,81.5,5.65,58963.0,32.6
MT,Malta,2022,3.09,2.31,5.25,81.0,5.66,56994.0,27.8
NL,Netherlands,2008,-1.09,2.47,5.65,79.0,4.22,47053.0,31.4
NL,Netherlands,2009,3.17,1.31,6.91,80.1,5.31,45927.0,32.4
NL,Netherlands,2010,2.44,2.9,6.16,79.9,5.53,46048.0,34.8
NL,Netherlands,2011,3.17,2.39,6.16,78.0,5.3,45536.0,28.7
NL,Netherlands,2012,7.57,2.23,9.39,78.2,5.5,48687.0,30.0
NL,Netherlands,2013,-1.04,3.86,6.01,78.7,5.37,43623.0,31.7
NL,Netherlands,2014,1.79,2.43,9.1,79.1,5.18,46715.0,30.3
NL,Netherlands,2015,1.97,0.25,7.26,77.7,5.25,44609.0,31.1
NL,Netherlands,2016,2.63,0.4,8.26,78.6,5.33,43201.0,33.0
NL,Netherlands,2017,0.59,2.35,6.95,79.2,5.34,49157.0,32.2
NL,Netherlands,2018,3.42,2.83,7.79,80.0,4.94,47957.0,27.3
NL,Netherlands,2019,0.43,2.71,5.08,79.6,5.15,50870.0,29.9
NL,Netherlands,2020,2.28,2.26,6.45,78.6,5.46,50675.0,32.8
NL,Netherlands,2021,1.98,1.92,7.26,79.8,5.35,48360.0,32.5
NL,Netherlands,2022,1.99,1.75,6.44,79.5,5.34,49164.0,35.4
PL,Poland,2008,2.1,4.56,8.34,80.4,5.36,51308.0,30.6
PL,Poland,2009,3.6,2.14,7.12,79.8,6.02,50848.0,29.7
PL,Poland,2010,0.46,0.92,7.33,82.3,5.14,51872.0,31.8
PL,Poland,2011,3.37,0.74,6.65,80.3,5.09,51897.0,30.4
PL,Poland,2012,3.26,0.87,5.53,80.5,5.31,53918.0,28.0
PL,Poland,2013,4.4,5.13,7.65,80.7,4.83,55408.0,28.5
PL,Poland,2014,1.3,0.3,5.13,79.6,5.65,51664.0,30.0
PL,Poland,2015,1.16,4.3,7.65,80.7,5.61,53948.0,26.2
PL,Poland,2016,1.66,1.2,6.77,78.9,6.32,51071.0,31.0
PL,Poland,2017,1.98,1.97,5.24,79.6,4.77,54618.0,29.6
PL,Poland,2018,0.82,1.55,5.52,80.2,5.55,53284.0,31.1
PL,Poland,2019,2.78,2.49,6.06,80.2,5.34,55508.0,31.5
PL,Poland,2020,0.17,1.77,9.41,81.5,5.52,55395.0,29.7
PL,Poland,2021,0.37,1.86,6.88,79.3,5.2,52227.0,27.7
PL,Poland,2022,6.27,2.09,7.61,80.6,5.71,54084.0,27.8
PT,Portugal,2008,-0.35,1.81,8.26,78.1,4.67,32025.0,31.4
PT,Portugal,2009,-1.05,2.99,8.44,77.8,4.91,34079.0,31.9
PT,Portugal,2010,4.07,0.61,9.57,76.3,4.68,31615.0,34.5
PT,Portugal,2011,2.41,2.15,7.87,77.8,5.14,30107.0,34.3
PT,Portugal,2012,1.35,2.43,9.85,76.3,5.02,30205.0,34.4
PT,Portugal,2013,2.57,0.55,8.96,75.5,4.96,34621.0,35.0
PT,Portugal,2014,5.51,1.2,7.73,74.6,3.92,35393.0,35.6
PT,Portugal,2015,2.66,2.29,10.06,77.9,4.99,35256.0,37.7
PT,Portugal,2016,4.02,3.3,10.32,75.8,4.54,37261.0,35.5
PT,Portugal,2017,0.73,1.49,8.52,79.2,4.51,37265.0,31.4
PT,Portugal,2018,0.76,4.18,10.2,76.8,4.71,29974.0,35.7
PT,Portugal,2019,4.48,1.92,10.07,77.8,4.91,36112.0,33.9
PT,Portugal,2020,1.2,2.36,13.0,77.5,5.21,35103.0,35.4
PT,Portugal,2021,-2.7,3.62,10.42,75.3,4.78,35793.0,35.2
PT,Portugal,2022,1.67,1.27,10.04,76.0,4.74,34055.0,38.7
RO,Romania,2008,4.95,1.48,6.48,82.6,5.12,63380.0,27.9
RO,Romania,2009,0.6,3.51,4.95,81.0,6.24,63424.0,29.5
RO,Romania,2010,-0.38,-0.92,5.51,81.8,6.0,63134.0,28.9
RO,Romania,2011,-0.01,1.28,7.57,83.1,6.13,64399.0,33.3
RO,Romania,2012,0.22,2.65,4.63,82.8,5.5,65031.0,27.8
RO,Romania,2013,-2.89,2.31,4.68,83.2,5.66,61931.0,28.3
RO,Romania,2014,-1.08,1.09,6.4,81.7,6.22,62077.0,27.0
RO,Romania,2015,1.9,-0.65,6.9,82.5,6.22,59123.0,24.9
RO,Romania,2016,1.1,1.49,3.47,81.3,5.68,63048.0,29.4
RO,Romania,2017,0.59,0.67,5.63,82.8,5.28,61629.0,28.8
RO,Romania,2018,0.19,3.6,4.41,80.2,5.26,61902.0,25.4
RO,Romania,2019,0.72,2.45,4.09,83.2,5.01,64921.0,24.5
RO,Romania,2020,2.19,3.07,4.56,83.4,6.78,62229.0,27.1
RO,Romania,2021,4.04,0.49,2.93,83.6,5.98,62847.0,27.7
RO,Romania,2022,3.98,1.55,5.63,81.4,5.97,61055.0,29.4
SK,Slovakia,2008,7.16,1.27,7.0,81.7,5.6,56354.0,30.4
SK,Slovakia,2009,3.04,0.73,5.16,80.7,5.62,60026.0,29.0
SK,Slovakia,2010,-1.88,0.21,3.01,80.7,5.26,60469.0,28.5
SK,Slovakia,2011,1.08,3.31,4.61,80.7,6.05,56190.0,28.9
SK,Slovakia,2012,3.13,0.64,6.26,80.9,5.8,57735.0,24.8
SK,Slovakia,2013,5.59,0.67,5.35,81.9,5.87,59171.0,28.8
SK,Slovakia,2014,3.65,3.38,5.93,81.2,5.79,58637.0,30.5
SK,Slovakia,2015,4.14,4.38,4.63,82.0,5.74,57524.0,24.5
SK,Slovakia,2016,2.46,2.94,6.6,82.4,5.98,57921.0,31.3
SK,Slovakia,2017,3.77,1.36,6.31,82.6,5.55,60946.0,32.3
SK,Slovakia,2018,0.78,1.74,5.96,82.1,6.36,59630.0,30.0
SK,Slovakia,2019,1.53,-0.43,8.44,81.3,6.54,55864.0,30.2
SK,Slovakia,2020,0.87,3.1,7.39,81.2,6.0,59237.0,29.3
SK,Slovakia,2021,0.23,-0.22,7.34,81.4,6.03,59758.0,30.1
SK,Slovakia,2022,3.53,1.67,5.29,81.9,5.59,60518.0,28.2
SI,Slovenia,2008,-1.45,1.62,7.35,78.8,5.38,57290.0,25.6
SI,Slovenia,2009,3.59,3.48,3.45,80.0,6.15,54117.0,30.5
SI,Slovenia,2010,4.18,0.62,9.12,81.3,5.64,53521.0,30.7
SI,Slovenia,2011,3.19,3.52,10.01,80.7,5.63,49900.0,29.6
SI,Slovenia,2012,4.44,3.4,5.15,79.7,5.16,54371.0,31.7
SI,Slovenia,2013,3.9,1.85,7.29,80.6,6.12,53525.0,30.4
SI,Slovenia,2014,2.85,2.61,9.83,79.7,4.91,55037.0,28.1
SI,Slovenia,2015,3.99,1.1,3.72,80.7,6.12,56355.0,29.6
SI,Slovenia,2016,-0.07,1.52,5.25,81.4,5.89,54378.0,27.1
SI,Slovenia,2017,1.13,-0.47,5.69,81.2,5.29,50723.0,29.8
SI,Slovenia,2018,0.54,0.93,9.08,79.9,6.17,56010.0,30.2
SI,Slovenia,2019,4.84,0.77,8.63,80.4,5.54,53135.0,30.0
SI,Slovenia,2020,4.19,3.2,6.6,80.5,5.43,52356.0,29.3
SI,Slovenia,2021,1.74,0.59,7.48,80.1,5.17,55747.0,32.7
SI,Slovenia,2022,2.49,4.62,5.83,82.0,5.13,54196.0,26.0
ES,Spain,2008,0.51,2.22,10.77,74.9,4.01,30137.0,34.1
ES,Spain,2009,0.98,0.18,9.75,74.8,4.22,28554.0,34.7
ES,Spain,2010,0.37,2.72,10.77,75.4,4.96,26945.0,33.5
ES,Spain,2011,4.81,2.5,11.35,75.5,3.68,28804.0,35.4
ES,Spain,2012,0.3,0.11,12.29,75.5,4.45,30390.0,30.9
ES,Spain,2013,-0.88,0.65,7.93,76.7,4.36,27535.0,33.7
ES,Spain,2014,1.97,2.37,11.54,76.5,4.04,30902.0,36.2
ES,Spain,2015,2.1,1.68,12.58,76.4,4.55,25970.0,28.7
ES,Spain,2016,3.09,1.8,10.72,75.7,3.93,28889.0,34.2
ES,Spain,2017,3.76,0.59,11.04,75.9,4.46,28509.0,37.0
ES,Spain,2018,0.94,0.81,9.92,76.0,4.32,24995.0,38.1
ES,Spain,2019,5.13,1.34,8.85,75.0,4.38,26025.0,33.6
ES,Spain,2020,4.46,0.87,14.49,75.7,4.65,26755.0,32.8
ES,Spain,2021,3.77,1.33,12.54,76.8,4.32,25181.0,35.9
ES,Spain,2022,1.91,3.19,8.37,75.7,3.91,29607.0,35.7
SE,Sweden,2008,0.4,-0.11,10.15,78.3,4.72,40199.0,34.0
SE,Sweden,2009,5.29,2.82,6.11,77.2,5.24,38542.0,34.2
SE,Sweden,2010,0.93,4.99,8.59,77.6,5.16,40869.0,31.3
SE,Sweden,2011,0.46,2.43,11.1,77.0,5.36,40737.0,33.0
SE,Sweden,2012,0.63,1.29,8.75,77.9,5.53,40085.0,32.0
SE,Sweden,2013,3.14,2.5,10.49,77.5,4.83,38414.0,33.4
SE,Sweden,2014,3.54,0.65,10.29,77.7,4.59,38789.0,32.5
SE,Sweden,2015,-0.97,1.07,9.26,76.4,4.79,43618.0,31.4
SE,Sweden,2016,-1.14,2.76,8.04,78.0,5.23,39188.0,34.0
SE,Sweden,2017,-0.28,1.84,9.85,78.2,4.89,37264.0,36.0
SE,Sweden,2018,-0.04,3.0,12.58,76.7,5.32,44285.0,30.3
SE,Sweden,2019,2.25,3.26,9.67,78.0,4.96,41512.0,31.9
SE,Sweden,2020,0.46,0.57,9.94,78.6,4.71,42808.0,31.0
SE,Sweden,2021,4.65,3.47,8.61,78.9,5.03,42278.0,30.6
SE,Sweden,2022,1.11,0.76,9.03,78.1,4.35,43946.0,33.5
